modeldate,approve,disapprove,approve_lo,approve_hi,disapprove_lo,disapprove_hi
1/21/2025,51.62839,39.97147,45.85058,57.40619,34.19366,45.74928
1/22/2025,51.62839,39.97147,45.85058,57.40619,34.19366,45.74928
1/23/2025,52.44161,43.17908,47.50262,57.38061,38.24008,48.11807
1/24/2025,51.9109,43.42716,47.26645,56.55534,38.78272,48.07161
1/25/2025,51.9109,43.42716,47.26645,56.55534,38.78272,48.07161
1/26/2025,51.60608,43.73387,47.00677,56.20538,39.13456,48.33317
1/27/2025,50.75071,43.54461,46.3333,55.16811,39.1272,47.96202
1/28/2025,50.5603,43.64887,46.19315,54.92745,39.28172,48.01602
1/29/2025,50.45234,43.76417,46.08949,54.81518,39.40132,48.12701
1/30/2025,50.55085,43.67509,46.19232,54.90939,39.31656,48.03363
1/31/2025,49.88923,43.76733,45.54743,54.23103,39.42554,48.10913
2/1/2025,49.77596,43.94174,45.46407,54.08786,39.62984,48.25363
2/2/2025,49.56835,44.43734,45.29222,53.84447,40.16122,48.71347
2/3/2025,49.06934,45.00368,44.73444,53.40424,40.66879,49.33858
2/4/2025,48.7685,45.06099,44.42632,53.11068,40.71881,49.40317
2/5/2025,48.64521,46.07553,44.31398,52.97645,41.74429,50.40676
2/6/2025,48.58174,45.97654,44.29497,52.86851,41.68977,50.26331
2/7/2025,48.93139,46.16331,44.63564,53.22714,41.86756,50.45906
2/8/2025,48.93139,46.16331,44.63564,53.22714,41.86756,50.45906
2/9/2025,49.20401,46.42096,44.87601,53.53201,42.09296,50.74897
2/10/2025,49.28339,46.40575,44.96134,53.60545,42.08369,50.7278
2/11/2025,48.9805,46.40917,44.58626,53.37474,42.01337,50.80497
2/12/2025,49.07721,46.33083,44.6859,53.46851,41.93916,50.72251
2/13/2025,49.46926,46.35511,45.08833,53.8502,41.93874,50.77148
2/14/2025,49.78413,46.23433,45.42103,54.14723,41.87239,50.59627
2/15/2025,49.78413,46.23433,45.42103,54.14723,41.87239,50.59627
2/16/2025,49.81136,46.47601,45.41616,54.20655,42.07705,50.87497
2/17/2025,48.97882,46.80212,44.66964,53.28801,42.40267,51.20156
2/18/2025,48.83451,47.10556,44.51174,53.15728,42.68798,51.52315
2/19/2025,48.81781,47.19585,44.51099,53.12464,42.77919,51.61251
2/20/2025,48.57818,47.20779,44.206,52.95036,42.7366,51.67897
2/21/2025,48.70716,47.15341,44.34995,53.06437,42.71305,51.59378
2/22/2025,48.70716,47.15341,44.34995,53.06437,42.71305,51.59378
2/23/2025,48.52215,47.25496,44.07963,52.96466,42.7737,51.73623
2/24/2025,48.62353,47.35507,44.182,53.06506,42.89957,51.81058
2/25/2025,48.19157,46.50638,43.74551,52.63762,41.85268,51.16008
2/26/2025,47.69238,46.84249,43.30216,52.0826,42.28725,51.39774
2/27/2025,48.16257,47.08207,43.82611,52.49903,42.54069,51.62346
2/28/2025,48.33131,47.11463,44.05076,52.61186,42.58996,51.6393
3/1/2025,48.26917,47.13979,43.99157,52.54676,42.61616,51.66343
3/2/2025,48.24833,47.25283,44.00698,52.48968,42.76084,51.74483
3/3/2025,48.22008,47.3167,44.07259,52.36758,42.72628,51.90712
3/4/2025,48.08179,47.43499,43.89752,52.26605,42.85672,52.01326
3/5/2025,48.04528,47.49095,43.88107,52.20948,42.91648,52.06542
3/6/2025,48.04528,47.49095,43.88107,52.20948,42.91648,52.06542
3/7/2025,48.10084,47.34626,44.04194,52.15974,42.85209,51.84044
3/8/2025,48.08615,47.32513,44.02887,52.14344,42.81496,51.8353
3/9/2025,48.08615,47.32513,44.02887,52.14344,42.81496,51.8353
3/10/2025,47.87268,48.1039,43.68302,52.06234,43.66662,52.54118
3/11/2025,48.01125,48.05174,43.93159,52.09092,43.71781,52.38567
3/12/2025,47.80142,48.4408,43.76649,51.83635,44.05131,52.83028
3/13/2025,47.34944,49.03124,43.06135,51.63753,44.49454,53.56793
3/14/2025,47.50919,48.91116,43.276,51.74237,44.45956,53.36277
3/15/2025,47.72628,48.74337,43.39228,52.06027,44.27282,53.21393
3/16/2025,47.68021,48.91003,43.39926,51.96117,44.45418,53.36587
3/17/2025,47.53214,49.36317,43.3286,51.73567,44.83746,53.88887
3/18/2025,47.55081,49.26982,43.3554,51.74622,44.75301,53.78663
3/19/2025,47.49081,49.65988,43.32704,51.65458,45.20905,54.11071
3/20/2025,47.39563,49.75119,43.24761,51.54364,45.36366,54.13873
3/21/2025,47.48177,49.65436,43.31021,51.65332,45.26371,54.04501
3/22/2025,47.5351,49.56881,43.25347,51.81673,45.16459,53.97303
3/23/2025,47.52748,49.58065,43.25628,51.79868,45.1856,53.97571
3/24/2025,47.52706,49.61984,43.20314,51.85097,45.21014,54.02954
3/25/2025,47.48824,49.64067,43.21551,51.76097,45.30599,53.97536
3/26/2025,47.66578,49.38222,43.35771,51.97385,45.00001,53.76442
3/27/2025,47.37044,49.60704,43.02921,51.71167,45.27546,53.93863
3/28/2025,47.37019,49.59669,43.06321,51.67718,45.27298,53.92041
3/29/2025,47.37019,49.59669,43.06321,51.67718,45.27298,53.92041
3/30/2025,47.60534,49.78962,43.18983,52.02085,45.43279,54.14645
3/31/2025,47.1512,49.71198,42.78379,51.51861,45.18557,54.23838
4/1/2025,47.23803,49.75965,42.8421,51.63397,45.24705,54.27225
4/2/2025,47.01505,50.05616,42.70523,51.32486,45.48481,54.62751
4/3/2025,46.61609,49.86424,42.26794,50.96424,45.2114,54.51709
4/4/2025,46.69425,49.88645,42.32501,51.06348,45.2973,54.47559
4/5/2025,46.77753,49.48341,42.51933,51.03572,44.69736,54.26946
4/6/2025,46.77753,49.48341,42.51933,51.03572,44.69736,54.26946
4/7/2025,46.59698,49.84406,42.38907,50.80489,44.99933,54.68878
4/8/2025,46.36172,50.16935,42.31444,50.40901,45.47329,54.86541
4/9/2025,45.6713,50.68967,41.43717,49.90543,46.1213,55.25803
4/10/2025,45.49072,50.68834,41.15624,49.82519,45.99517,55.38151
4/11/2025,45.52261,50.61037,41.19816,49.84706,46.00403,55.21671
4/12/2025,45.52261,50.61037,41.19816,49.84706,46.00403,55.21671
4/13/2025,45.69746,50.76309,41.41474,49.98018,46.13425,55.39192
4/14/2025,45.50497,50.84331,41.34505,49.66489,46.44841,55.23821
4/15/2025,45.77077,50.49058,41.60901,49.93252,45.85512,55.12604
4/16/2025,45.57057,50.554,41.30833,49.8328,45.88452,55.22348
4/17/2025,45.54875,50.78891,41.61065,49.48685,46.37317,55.20465
4/18/2025,45.62852,50.84605,41.65625,49.6008,46.45914,55.23296
4/19/2025,45.62852,50.84605,41.65625,49.6008,46.45914,55.23296
4/20/2025,45.57781,50.58267,41.62415,49.53147,46.09466,55.07067
4/21/2025,45.57188,50.71266,41.43221,49.71154,46.09001,55.3353
4/22/2025,45.37512,50.80691,41.2526,49.49765,46.2536,55.36022
4/23/2025,44.77065,51.75135,40.50203,49.03926,46.95964,56.54306
4/24/2025,44.65628,51.82948,40.48874,48.82383,47.13156,56.5274
4/25/2025,44.39426,52.15824,40.21141,48.57711,47.56334,56.75315
4/26/2025,44.38961,52.4029,40.07028,48.70895,47.67092,57.13487
4/27/2025,44.13982,53.19659,39.80687,48.47276,48.35141,58.04178
4/28/2025,44.07494,53.3185,39.75413,48.39574,48.53637,58.10063
4/29/2025,43.58434,53.24288,39.32087,47.84782,48.67851,57.80725
4/30/2025,43.76714,52.75912,39.64638,47.88789,47.98701,57.53124
5/1/2025,43.91924,52.67301,39.70688,48.13159,47.88822,57.45781
5/2/2025,44.16411,52.42725,39.88832,48.4399,47.65285,57.20164
5/3/2025,44.17439,51.80098,39.884,48.46478,46.72684,56.87511
5/4/2025,44.17439,51.80098,39.884,48.46478,46.72684,56.87511
5/5/2025,44.19829,51.47165,39.87852,48.51806,46.38081,56.56249
5/6/2025,44.20853,51.52731,39.78123,48.63583,46.4747,56.57993
5/7/2025,44.21026,51.50815,39.81764,48.60288,46.46246,56.55384
5/8/2025,44.26077,51.50791,39.84769,48.67384,46.47466,56.54116
5/9/2025,44.37271,51.58416,39.8406,48.90483,46.54403,56.62429
5/10/2025,44.44425,51.27837,39.96053,48.92796,46.25572,56.30102
5/11/2025,44.44425,51.27837,39.96053,48.92796,46.25572,56.30102
5/12/2025,44.5688,51.26873,39.95161,49.18598,46.28798,56.24948
5/13/2025,44.72442,51.24622,40.08033,49.36852,46.40967,56.08277
5/14/2025,44.96555,51.18964,40.36968,49.56141,46.50863,55.87065
5/15/2025,44.95261,51.20525,40.39343,49.51179,46.56059,55.84991
5/16/2025,45.31767,51.09854,40.50603,50.1293,46.47936,55.71772
5/17/2025,45.37041,50.90691,40.64225,50.09858,46.19557,55.61824
5/18/2025,45.37041,50.90691,40.64225,50.09858,46.19557,55.61824
5/19/2025,45.56319,50.81866,40.97774,50.14864,46.2233,55.41403
5/20/2025,46.15147,50.40587,41.07109,51.23185,45.759,55.05275
5/21/2025,46.09607,50.77578,41.13206,51.06009,46.08316,55.46841
5/22/2025,46.02513,50.8985,41.12396,50.9263,46.21655,55.58045
5/23/2025,45.95557,50.99088,41.12179,50.78936,46.41227,55.56948
5/24/2025,45.95385,50.92148,41.14063,50.76707,46.34451,55.49845
5/25/2025,45.95385,50.92148,41.14063,50.76707,46.34451,55.49845
5/26/2025,46.07698,50.8042,41.15118,51.00277,46.18658,55.42181
5/27/2025,46.07553,50.7822,41.00283,51.14823,46.04644,55.51795
5/28/2025,46.23866,50.78482,41.1508,51.32652,46.10906,55.46059
5/29/2025,46.02589,50.96757,40.90005,51.15173,46.31312,55.62202
5/30/2025,45.9076,51.27956,40.93063,50.88457,46.58895,55.97017
5/31/2025,45.9076,51.27956,40.93063,50.88457,46.58895,55.97017
6/1/2025,45.9076,51.27956,40.93063,50.88457,46.58895,55.97017
6/2/2025,45.84019,50.67007,40.90488,50.77549,45.77322,55.56692
6/3/2025,46.4903,50.17305,41.34065,51.63994,45.34174,55.00437
6/4/2025,46.5542,50.1499,41.42735,51.68105,45.36754,54.93226
6/5/2025,46.52064,50.20092,41.43844,51.60284,45.45494,54.9469
6/6/2025,46.59631,50.08231,41.53347,51.65916,45.3429,54.82173
6/7/2025,46.59631,50.08231,41.53347,51.65916,45.3429,54.82173
6/8/2025,46.55487,50.49254,41.47169,51.63806,45.47565,55.50943
6/9/2025,46.61961,50.48277,41.5727,51.66652,45.50533,55.4602
6/10/2025,46.5338,50.10598,41.44273,51.62487,45.14545,55.06652
6/11/2025,45.7652,50.08334,40.00418,51.52622,44.93771,55.22896
6/12/2025,45.24525,50.68462,39.38029,51.1102,44.83722,56.53203
6/13/2025,45.44925,50.5279,39.49224,51.40626,44.71768,56.33813
6/14/2025,45.44925,50.5279,39.49224,51.40626,44.71768,56.33813
6/15/2025,45.33545,50.80773,39.51071,51.16018,45.00505,56.61041
6/16/2025,44.93036,51.36875,39.44646,50.41426,45.88316,56.85435
6/17/2025,44.45401,52.08025,39.05592,49.85211,46.62862,57.53188
6/18/2025,45.28555,51.52721,39.68107,50.89003,46.0863,56.96812
6/19/2025,45.71624,51.82945,40.34824,51.08423,46.59583,57.06306
6/20/2025,46.05882,51.56765,40.58069,51.53695,46.31158,56.82372
6/21/2025,46.05882,51.56765,40.58069,51.53695,46.31158,56.82372
6/22/2025,46.77275,50.94884,41.0449,52.50061,45.54755,56.35014
6/23/2025,45.93705,51.9781,40.07698,51.79711,46.32735,57.62885
6/24/2025,45.3207,52.34038,39.40358,51.23782,46.80363,57.87713
6/25/2025,45.3147,52.26276,39.39645,51.23295,46.76577,57.75976
6/26/2025,45.31617,52.28615,39.52495,51.1074,46.97954,57.59275
6/27/2025,45.42145,51.61077,39.86787,50.97503,46.35622,56.86532
6/28/2025,45.42145,51.61077,39.86787,50.97503,46.35622,56.86532
6/29/2025,45.42145,51.61077,39.86787,50.97503,46.35622,56.86532
6/30/2025,45.47735,50.99075,40.10681,50.8479,45.68668,56.29482
7/1/2025,45.19435,51.08479,39.92445,50.46426,45.91134,56.25823
7/2/2025,44.88764,51.40293,39.73787,50.03741,46.26125,56.54461
7/3/2025,44.85147,51.43267,39.73217,49.97078,46.31968,56.54567
7/4/2025,44.85147,51.43267,39.73217,49.97078,46.31968,56.54567
7/5/2025,44.85147,51.43267,39.73217,49.97078,46.31968,56.54567
7/6/2025,44.85147,51.43267,39.73217,49.97078,46.31968,56.54567
7/7/2025,44.86248,51.54952,39.67989,50.04507,46.38672,56.71232
7/8/2025,44.83948,51.58128,39.66638,50.01258,46.52449,56.63807
7/9/2025,44.80891,51.61864,39.68991,49.92792,46.60791,56.62937
7/10/2025,44.75904,51.67304,39.69407,49.82402,46.70221,56.64388
7/11/2025,44.72254,51.44061,39.71545,49.72963,46.59062,56.2906
7/12/2025,44.67564,51.45148,39.66097,49.6903,46.61292,56.29005
7/13/2025,44.67564,51.45148,39.66097,49.6903,46.61292,56.29005
7/14/2025,44.5064,51.86045,39.59494,49.41786,47.11111,56.60979
7/15/2025,44.36175,52.01043,39.49989,49.22361,47.26355,56.7573
7/16/2025,44.05926,52.2956,39.14006,48.97846,47.38836,57.20285
7/17/2025,43.78349,52.66333,38.79691,48.77006,47.63848,57.68819
7/18/2025,44.07179,52.76429,38.95639,49.18718,47.80954,57.71904
7/19/2025,44.07179,52.76429,38.95639,49.18718,47.80954,57.71904
7/20/2025,44.03109,53.10838,38.96538,49.09679,48.05759,58.15916
7/21/2025,43.72446,53.47935,38.51315,48.93577,48.3048,58.65391
7/22/2025,43.46236,53.8062,38.51247,48.41225,48.86074,58.75166
7/23/2025,43.78209,53.35548,38.92727,48.6369,48.16524,58.54572
7/24/2025,43.93604,53.39256,39.20217,48.6699,48.36547,58.41965
7/25/2025,44.57859,52.55592,39.69402,49.46316,47.35213,57.7597
7/26/2025,44.57859,52.55592,39.69402,49.46316,47.35213,57.7597
7/27/2025,44.57859,52.55592,39.69402,49.46316,47.35213,57.7597
7/28/2025,44.65439,52.56554,39.81907,49.48971,47.4197,57.71139
7/29/2025,44.41754,52.77026,39.49358,49.34149,47.66754,57.87298
7/30/2025,44.28172,52.90098,39.33529,49.22816,47.82463,57.97733
7/31/2025,44.17222,53.00957,39.20594,49.1385,47.9651,58.05405
8/1/2025,44.36187,52.89017,39.37379,49.34995,47.85974,57.9206
8/2/2025,44.36187,52.89017,39.37379,49.34995,47.85974,57.9206
8/3/2025,44.36187,52.89017,39.37379,49.34995,47.85974,57.9206
8/4/2025,44.2606,52.5351,39.30018,49.22102,47.20674,57.86345
8/5/2025,43.79611,52.67502,38.70631,48.88591,47.4815,57.86854
8/6/2025,43.87662,52.6249,38.85132,48.90192,47.51024,57.73956
8/7/2025,44.04466,52.46973,39.1227,48.96662,47.46843,57.47103
8/8/2025,43.93789,52.52631,39.01989,48.8559,47.53418,57.51844
8/9/2025,43.93789,52.52631,39.01989,48.8559,47.53418,57.51844
8/10/2025,43.93789,52.52631,39.01989,48.8559,47.53418,57.51844
8/11/2025,44.03181,52.1997,39.10908,48.95455,47.17438,57.22502
8/12/2025,43.98732,52.25663,39.1183,48.85634,47.29187,57.22139
8/13/2025,44.06721,52.23619,39.13058,49.00385,47.28468,57.1877
8/14/2025,43.5822,52.77971,38.54095,48.62346,47.36103,58.19838
8/15/2025,43.72702,52.83274,38.59466,48.85937,47.53831,58.12716
8/16/2025,43.72702,52.83274,38.59466,48.85937,47.53831,58.12716
8/17/2025,43.72702,52.83274,38.59466,48.85937,47.53831,58.12716
8/18/2025,44.58305,51.97133,39.01005,50.15604,46.50005,57.4426
8/19/2025,44.20662,52.25785,38.55586,49.85738,46.91065,57.60506
8/20/2025,44.27113,52.19312,38.59648,49.94578,46.84155,57.54468
8/21/2025,43.97292,52.55719,38.06737,49.87848,46.90793,58.20645
8/22/2025,44.10796,52.37938,38.24352,49.9724,46.77489,57.98388
8/23/2025,44.10796,52.37938,38.24352,49.9724,46.77489,57.98388
8/24/2025,44.10796,52.37938,38.24352,49.9724,46.77489,57.98388
8/25/2025,44.46113,52.088,38.66377,50.25849,46.57614,57.59985
8/26/2025,44.2031,52.51167,38.51795,49.88826,47.1209,57.90244
8/27/2025,43.94563,52.51558,38.2387,49.65255,47.40112,57.63004
8/28/2025,43.91744,52.5896,38.27131,49.56358,47.50847,57.67073
8/29/2025,44.06219,51.96711,38.62595,49.49843,46.76503,57.16918
8/30/2025,44.06219,51.96711,38.62595,49.49843,46.76503,57.16918
8/31/2025,44.06219,51.96711,38.62595,49.49843,46.76503,57.16918
9/1/2025,44.06219,51.96711,38.62595,49.49843,46.76503,57.16918
9/2/2025,44.08476,51.69731,38.82371,49.34582,46.52289,56.87173
9/3/2025,43.89992,51.72988,38.7497,49.05014,46.73769,56.72206
9/4/2025,44.42887,51.41316,39.24773,49.61,45.85471,56.97161
9/5/2025,44.33666,51.26554,39.01936,49.65396,45.85181,56.67928
9/6/2025,44.33666,51.26554,39.01936,49.65396,45.85181,56.67928
9/7/2025,44.41241,51.6804,39.18352,49.6413,46.037,57.3238
9/8/2025,44.40029,51.70724,39.20566,49.59492,46.1416,57.27288
9/9/2025,44.18929,51.78542,39.18657,49.192,46.35581,57.21503
9/10/2025,44.19972,51.8439,39.20116,49.19828,46.44874,57.23907
9/11/2025,44.335,51.97995,39.4671,49.20291,46.70728,57.25261
9/12/2025,44.58268,51.83076,39.75085,49.41452,46.72083,56.9407
9/13/2025,44.58268,51.83076,39.75085,49.41452,46.72083,56.9407
9/14/2025,44.58268,51.83076,39.75085,49.41452,46.72083,56.9407
9/15/2025,44.59968,51.9264,39.79525,49.40411,46.85873,56.99408
9/16/2025,44.30514,52.17233,39.28363,49.32664,46.97136,57.3733
9/17/2025,44.35004,52.19464,39.29181,49.40826,47.09108,57.29821
9/18/2025,44.51647,52.14977,39.45179,49.58115,47.04768,57.25187
9/19/2025,44.89447,52.35304,39.5785,50.21043,46.94133,57.76474
9/20/2025,44.89447,52.35304,39.5785,50.21043,46.94133,57.76474
9/21/2025,44.89447,52.35304,39.5785,50.21043,46.94133,57.76474
9/22/2025,44.32733,52.85152,38.90847,49.7462,47.54776,58.15527
9/23/2025,43.87183,53.27336,38.46613,49.27754,48.05434,58.49237
9/24/2025,43.40615,53.37177,37.9848,48.82749,48.38276,58.36077
9/25/2025,43.57207,53.18896,38.27589,48.86826,48.189,58.18893
9/26/2025,43.72626,53.14685,38.32635,49.12617,48.1811,58.11259
9/27/2025,43.72626,53.14685,38.32635,49.12617,48.1811,58.11259
9/28/2025,43.72626,53.14685,38.32635,49.12617,48.1811,58.11259
9/29/2025,43.89839,53.00058,38.32306,49.47372,47.94707,58.05408
9/30/2025,43.10798,53.41122,38.02941,48.18654,48.72022,58.10222
10/1/2025,43.66993,52.97147,38.21836,49.1215,47.83496,58.10797
10/2/2025,43.31681,52.83426,37.8718,48.76181,47.81606,57.85246
10/3/2025,43.4701,52.79912,37.9299,49.01031,47.78802,57.81021
10/4/2025,43.4701,52.79912,37.9299,49.01031,47.78802,57.81021
10/5/2025,43.46202,53.18977,37.92728,48.99677,48.03902,58.34051
10/6/2025,43.58156,52.45383,38.34165,48.82146,47.20934,57.69831
10/7/2025,43.43106,52.58283,38.12142,48.7407,47.34581,57.81985
10/8/2025,43.32488,52.6919,38.1784,48.47136,47.47029,57.91352
10/9/2025,43.41287,52.67481,38.21709,48.60865,47.46401,57.8856
10/10/2025,43.85495,52.27798,38.36137,49.34854,46.94077,57.61519
10/11/2025,43.85495,52.27798,38.36137,49.34854,46.94077,57.61519
10/12/2025,43.85495,52.27798,38.36137,49.34854,46.94077,57.61519
10/13/2025,43.93152,52.33584,38.27468,49.58836,46.93455,57.73713
10/14/2025,44.1718,52.07883,38.67271,49.67089,46.97414,57.18352
10/15/2025,44.17411,52.15405,38.80144,49.54677,47.14475,57.16334
10/16/2025,44.21528,52.05922,38.83277,49.59779,47.01263,57.10581
10/17/2025,44.33504,51.87089,38.92918,49.74091,46.18519,57.55659
10/18/2025,44.33504,51.87089,38.92918,49.74091,46.18519,57.55659
10/19/2025,44.33504,51.87089,38.92918,49.74091,46.18519,57.55659
10/20/2025,44.30328,51.93825,38.98457,49.62199,46.30087,57.57563
10/21/2025,43.75402,52.92032,38.37628,49.13176,47.22104,58.6196
10/22/2025,43.53077,53.06733,38.27896,48.78257,47.61626,58.51839
10/23/2025,43.54811,53.10984,38.29664,48.79959,47.68911,58.53057
10/24/2025,43.70021,52.90992,38.32731,49.07312,47.43479,58.38506
10/25/2025,43.70021,52.90992,38.32731,49.07312,47.43479,58.38506
10/26/2025,43.76201,53.08498,38.49165,49.03237,47.6833,58.48667
10/27/2025,43.82555,53.07344,38.60885,49.04226,47.73761,58.40928
10/28/2025,43.33384,53.664,38.13512,48.53255,48.34643,58.98156
10/29/2025,43.23124,53.88707,38.11623,48.34625,48.5868,59.18734
10/30/2025,43.25963,53.93645,38.21244,48.30682,48.73409,59.13882
10/31/2025,43.13808,53.8937,38.16058,48.11559,48.75396,59.03344
11/1/2025,43.13808,53.8937,38.16058,48.11559,48.75396,59.03344
11/2/2025,42.86601,54.63578,38.11497,47.61704,49.45845,59.81312
11/3/2025,42.22298,54.96059,37.4417,47.00426,49.61442,60.30677
11/4/2025,42.20548,54.97978,37.33216,47.0788,49.67081,60.28875
11/5/2025,42.08683,55.06602,37.30653,46.86714,49.85109,60.28094
11/6/2025,42.09183,55.06969,37.31299,46.87067,49.87072,60.26867
11/7/2025,41.90177,54.39793,37.28711,46.51643,48.99684,59.79903
11/8/2025,41.90177,54.39793,37.28711,46.51643,48.99684,59.79903
11/9/2025,41.90177,54.39793,37.28711,46.51643,48.99684,59.79903
11/10/2025,41.93528,54.35015,37.48413,46.38643,49.11581,59.58449
11/11/2025,41.87644,54.38862,37.40412,46.34876,49.26351,59.51373
11/12/2025,41.42052,54.98133,36.70752,46.13351,49.51657,60.4461
11/13/2025,41.25583,54.95828,36.6665,45.84516,49.57969,60.33688
11/14/2025,41.41002,54.84733,36.5957,46.22434,49.4863,60.20836
11/15/2025,41.41002,54.84733,36.5957,46.22434,49.4863,60.20836
11/16/2025,41.41002,54.84733,36.5957,46.22434,49.4863,60.20836
11/17/2025,41.65916,54.66748,36.60219,46.71613,49.21717,60.11778
11/18/2025,41.62681,55.02597,36.83861,46.41502,49.89322,60.15873
11/19/2025,41.52448,55.33823,36.82116,46.22779,50.31655,60.3599
11/20/2025,41.49535,55.56133,37.004,45.98669,50.70354,60.41911
11/21/2025,41.21164,55.92169,36.37288,46.0504,50.87728,60.96611
11/22/2025,41.21164,55.92169,36.37288,46.0504,50.87728,60.96611
11/23/2025,41.25238,56.21013,36.4526,46.05215,51.10846,61.31181
11/24/2025,41.35768,55.61026,36.53708,46.17828,50.2258,60.99472
11/25/2025,41.05623,55.35098,36.21292,45.89954,49.93525,60.76671
11/26/2025,41.18801,55.26289,36.31546,46.06055,49.90451,60.62127
11/27/2025,41.18801,55.26289,36.31546,46.06055,49.90451,60.62127
11/28/2025,41.18801,55.26289,36.31546,46.06055,49.90451,60.62127
11/29/2025,41.18801,55.26289,36.31546,46.06055,49.90451,60.62127
11/30/2025,41.03797,55.38687,36.08916,45.98677,49.99768,60.77606
12/1/2025,41.44053,54.51866,36.61411,46.26696,48.79947,60.23785
12/2/2025,41.31932,54.78024,36.53406,46.10457,49.07279,60.4877
12/3/2025,41.25515,54.88178,36.52633,45.98396,49.22071,60.54285
12/4/2025,41.41621,55.04012,36.73525,46.09716,49.49654,60.58371
12/5/2025,41.33215,55.11102,36.65954,46.00475,49.68859,60.53345
12/6/2025,41.33215,55.11102,36.65954,46.00475,49.68859,60.53345
12/7/2025,41.33215,55.11102,36.65954,46.00475,49.68859,60.53345
12/8/2025,42.01333,54.38997,37.30493,46.72174,48.93674,59.8432
12/9/2025,42.21404,54.3531,37.72881,46.69926,49.10995,59.59624
12/10/2025,42.59184,53.97759,38.04458,47.13909,48.84653,59.10865
12/11/2025,42.42676,54.21035,37.57071,47.2828,48.83879,59.5819
12/12/2025,42.77669,53.98993,37.90542,47.64795,48.78417,59.19569
12/13/2025,42.77669,53.98993,37.90542,47.64795,48.78417,59.19569
12/14/2025,42.77669,53.98993,37.90542,47.64795,48.78417,59.19569
12/15/2025,42.71596,53.90601,37.99998,47.43194,48.76091,59.05112
12/16/2025,42.989,54.19288,38.52653,47.45148,49.36456,59.0212
12/17/2025,42.78566,54.24557,38.36303,47.2083,49.78816,58.70299
12/18/2025,42.50414,54.1212,38.12506,46.88322,49.64297,58.59943
12/19/2025,41.95311,54.79041,37.33932,46.56689,49.95945,59.62136
12/20/2025,41.95311,54.79041,37.33932,46.56689,49.95945,59.62136
12/21/2025,41.99435,55.08414,37.40575,46.58295,50.16558,60.0027
12/22/2025,42.10387,54.30928,36.9491,47.25864,48.30114,60.31741
12/23/2025,41.93019,54.46436,36.77526,47.08513,48.4852,60.44352
12/24/2025,41.98214,54.47967,36.82119,47.14308,48.51883,60.44051
12/25/2025,41.98214,54.47967,36.82119,47.14308,48.51883,60.44051
12/26/2025,41.8275,54.54027,36.66444,46.99055,48.65681,60.42373
12/27/2025,41.8275,54.54027,36.66444,46.99055,48.65681,60.42373
12/28/2025,41.8275,54.54027,36.66444,46.99055,48.65681,60.42373
12/29/2025,41.70864,54.67513,36.48605,46.93123,48.6756,60.67466
12/30/2025,42.22905,53.85251,36.47777,47.98033,47.33303,60.372
12/31/2025,42.28989,53.62005,36.64668,47.9331,47.08502,60.15508
1/1/2026,42.24879,53.67521,36.65077,47.84681,47.19567,60.15474
1/2/2026,41.88552,54.12823,36.13544,47.6356,47.57235,60.6841
1/3/2026,41.88552,54.12823,36.13544,47.6356,47.57235,60.6841
1/4/2026,41.88552,54.12823,36.13544,47.6356,47.57235,60.6841
1/5/2026,42.06428,53.94555,36.63543,47.49313,47.64267,60.24842
1/6/2026,41.9831,54.00198,36.67108,47.29512,47.9781,60.02586
1/7/2026,42.0801,54.29889,36.91322,47.24697,48.28015,60.31763
1/8/2026,42.07881,54.24537,36.92762,47.22999,48.25073,60.24
1/9/2026,42.14285,54.2269,36.97529,47.31041,48.44947,60.00434
1/10/2026,42.14285,54.2269,36.97529,47.31041,48.44947,60.00434
1/11/2026,42.14285,54.2269,36.97529,47.31041,48.44947,60.00434
1/12/2026,42.21446,54.18517,37.29433,47.13458,48.79156,59.57877
1/13/2026,42.24688,53.96208,37.34086,47.1529,48.77221,59.15195
1/14/2026,42.30604,54.51935,37.74191,46.87017,49.46298,59.57571
1/15/2026,42.31717,54.65871,37.84743,46.78692,49.71534,59.60209
1/16/2026,41.917,55.00893,37.20906,46.62494,50.04475,59.9731
1/17/2026,42.05092,54.99606,37.36769,46.73415,50.11797,59.87415
1/18/2026,42.10472,55.21069,37.44587,46.76357,50.28322,60.13816
1/19/2026,42.10739,55.16016,37.44659,46.76819,50.24235,60.07798
1/20/2026,41.96344,55.05431,37.15747,46.76942,50.24971,59.85891
1/21/2026,41.61771,55.51595,36.65367,46.58175,50.45983,60.57208
1/22/2026,41.04065,55.53888,36.24122,45.84009,50.73315,60.3446
1/23/2026,41.25187,55.33061,36.28371,46.22003,50.48191,60.1793
1/24/2026,41.25187,55.33061,36.28371,46.22003,50.48191,60.1793
1/25/2026,41.25187,55.33061,36.28371,46.22003,50.48191,60.1793
1/26/2026,40.95244,55.66867,36.03903,45.86585,50.86173,60.4756
1/27/2026,41.01402,55.53128,36.17595,45.85209,50.72993,60.33263
1/28/2026,41.34869,55.53038,36.73758,45.95979,50.92197,60.13879
1/29/2026,41.23685,55.83422,36.61397,45.85974,51.09211,60.57633
1/30/2026,41.4057,55.71899,36.64602,46.16538,50.94216,60.49583
1/31/2026,41.4057,55.71899,36.64602,46.16538,50.94216,60.49583
2/1/2026,41.15813,55.77662,36.38954,45.92671,51.03631,60.51693
2/2/2026,41.50998,55.2107,36.83324,46.18672,50.44146,59.97995
2/3/2026,41.90151,54.84449,36.94271,46.86031,50.01172,59.67725
2/4/2026,41.62866,55.0004,36.75995,46.49738,50.30106,59.69973
2/5/2026,41.37934,55.12353,36.56327,46.19541,50.48188,59.76519
2/6/2026,41.50101,55.14948,36.61371,46.38832,50.56519,59.73376
2/7/2026,41.48182,55.18785,36.59939,46.36426,50.60666,59.76905
2/8/2026,41.48182,55.18785,36.59939,46.36426,50.60666,59.76905
2/9/2026,41.15752,55.32386,36.3152,45.99983,50.79657,59.85115
2/10/2026,40.93466,55.29668,36.02245,45.84688,50.83592,59.75745
2/11/2026,41.0978,55.49059,36.28341,45.9122,51.00002,59.98116